target_id,pred_chopping_star
4w7sA,10-269 | 3.40.50.300 * 278-455 | 3.40.50.300
2l5qA,5-133 | 3.40.50.720
1m93B,1-245 | -
3rwxA,1-105 | 2.60.40.10 * 110-234 | 2.60.40.10
4mt5A,3-184 | -
4ohxA,1-99 | 3.30.1340.10 * 108-399 | 3.40.50.300
3zpmA,10-209 | 3.80.10.10
2o5fB,1-162 | 3.90.79.10
2xq0A,25-100 | - * 107-190 | - * 194-350_379-418 | - * 420-625 | -
4kq7A,43-373 | 3.60.21.10
4l7aA,1-261 | 1.10.579.10
3ez9A,10-98 | 1.10.10.10 * 109-188_208-349 | 3.40.1360.10
5zi7A,1-218 | 2.60.40.1730 * 223-346 | 1.10.390.10 * 351-499 | 2.60.40.1910 * 506-637 | 1.25.50.20 * 640-846 | 1.10.390.10
1x4dA,15-96 | 1.10.20.10
4jimA,5-130_254-448 | 3.40.50.300 * 132-249 | 3.30.1510.10 * 459-557 | 3.10.410.10
1z2zA,6-141 | 2.40.50.90 * 150-340 | 2.40.50.90 * 354-432 | 2.40.50.90
2np9B,3-83 | - * 88-143_188-344 | - * 350-422 | -
2y8eB,6-167 | 3.40.50.300
3p4eA,3-323 | 3.90.650.10
4p0fA,1-100_107-188_288-369 | 3.30.497.10 * 190-286_300-329 | 2.30.39.10
2p3hA,10-98 | 3.30.1360.10
3stoA,100-174_279-329 | - * 177-276 | -
3sxxD,15-94 | 3.10.450.40 * 100-193 | 3.10.450.40 * 200-636 | 2.70.98.20
3h7uA,3-309 | 3.20.20.100
5le5F,15-239 | 3.60.20.10
2dewX,16-133_153-199 | 2.60.40 * 202-327 | 2.60.40 * 331-360_373-400_410-420 | - * 424-629 | -
6gdxA,3-107 | 3.30.70.120
1qr0A,1-101 | 3.10.20.90 * 115-228 | 2.30.29.30
1lmjA,1-50 | 2.10.25.10 * 52-86 | 2.10.25.10
2vp8B,1-233 | 3.90.1560.10
2vf7B,8-95_380-484 | 3.40.50.300 * 101-138_300-375 | 1.20.1580.10 * 148-259 | 3.30.190.20 * 500-695_733-813 | 1.10.8.280
3zn6A,1-219 | 2.60.120.620
1fn9A,10-365 | -
2rqcA,28-103 | 3.30.70.330
1z5zA,1-229 | 3.30.565.10
4fzbC,22-100 | 1.10.150 * 114-207 | -
2dgtA,12-87 | 3.30.70.330
2ghpB,1-236 | 3.30.870.10
3a72A,1-353 | 2.120.10.30
4pp8D,1-149 | -
3gzxA,1-31_176-316_405-439 | 3.40.50.11550 * 32-160 | 2.60.120.260 * 320-400 | 2.60.120.260
2jnsA,20-88 | -
2o8bA,10-110 | 3.40.1170.10 * 124-234 | 3.30.420.110 * 254-454 | 1.10.1420.10 * 465-550 | 1.10.1420.10 * 562-829 | 3.40.50.300
4jzuA,3-157 | 3.90.79.10
2o8iA,5-152 | 1.10.357.10
1fmbA,1-104 | 2.40.70.10
2ocaA,15-296 | 3.40.50.11540 * 301-494 | 3.10.20.600
3crmA,6-113_168-236 | 3.40.50.300
2oaaB,1-248 | -
4a8xA,7-84 | 3.30.70.330
2m4eA,10-79 | 1.10.260.40
6bzsA,6-230 | 3.40.50.300
4a8jB,1-220 | 3.40.50.300
3whkA,16-170 | 3.40.50.300 * 175-248 | 1.10.8.60
1gveB,6-296 | 3.20.20.100
3odcA,1-92 | 3.40.30.10
5cbnA,1-91 | 1.25.40.20 * 93-176 | 1.25.40.20
5lxrA,1-79 | 3.30.70.330
3nf2A,3-338 | 1.10.600.10
4jioB,1-109 | - * 111-150 | - * 152-320 | -
2dngA,17-93 | 3.30.70.330
3gkeA,1-340 | 3.90.850.10
3bs4A,1-235 | 3.40.50.620
2bezC,3-76 | 1.10.287.910
3vxgA,15-299 | 3.20.20.100
1x51A,25-149 | 3.90.79.10
2fz4A,2-206 | 3.40.50.300
3vwoA,10-155 | 1.10.530.10
4kx7A,12-219 | 2.60.40.1730 * 223-334 | 1.10.390.10 * 341-439 | 2.60.40.1910 * 445-638 | 2.60.40.1910 * 641-875 | 1.50.10.10
1sngA,13-170 | - * 175-340 | -
1z8uC,1-40 | - * 42-91 | -
3gk6A,1-153 | 2.40.70.10
4wxpA,13-209_428-445 | 3.40.50.1820 * 214-419 | -
3a8tA,5-115_169-289 | 3.40.50.300
1m0wA,5-30_314-481 | 3.40.720.10 * 45-149 | - * 153-277 | -
4n8nC,2-99 | 3.40.30.10
5mbvD,1-121 | 3.40.1390.10 * 127-334 | 3.40.50.300 * 341-439 | 1.10.8.60 * 449-593 | 1.20.272.10
4ybfA,15-144 | 2.40.70.10 * 149-334 | 2.40.70.10
3ievA,3-209 | 3.40.50.300 * 215-299 | 3.30.300.20
3fw3B,1-124 | 3.10.200.10 * 133-255 | 1.20.120.1150
3w9yA,6-175 | 3.40.630.30
2jzaA,6-109 | 2.60.120.10
1nwzA,3-125 | 2.60.40.420
4dpoB,1-99 | 3.10.20.90
1tc5C,4-135_149-186 | 3.40.50.300
5yt3D,28-105 | 3.30.200.20 * 109-308 | 1.10.510.10
2h9aA,4-104 | 3.40.50.20 * 109-148_205-383 | 3.30.470.20 * 151-203 | 3.30.1490.20
5xc2C,1-294 | 2.70.98.10 * 298-700 | 1.50.10.10
3rrkA,3-93 | 3.40.50.20 * 100-143 | 3.30.1490.20 * 148-203 | 1.10.287 * 208-301 | 1.10.287
2pyqA,5-114 | 3.30.1330.60
4ag6A,10-102_208-373 | 3.40.50.300 * 110-201 | -
1x0pB,1-139 | 1.20.120
5kazA,15-99 | -
1nrjA,12-147 | 3.40.50.300
2w00B,1-159 | 3.40.50.10140 * 166-328_348-454 | 3.40.50.300 * 479-730 | 3.40.50.300 * 744-852 | -
5iklD,15-252 | 3.90.226.10 * 267-439_470-502 | 3.90.226.10
4cymD,15-167 | 1.25.40.20
5iw9B,1-125 | -
3bf0C,5-248_400-478 | 3.40.50.1460 * 253-397 | 3.40.50.261
6b5dA,10-178 | 3.40.50.300 * 184-212 | 1.10.8.60 * 217-286 | 1.10.10.10
3zzyB,1-91 | 3.30.70.330
2o0jA,10-358 | 3.60.10.10
4ajtA,3-179_277-319 | 3.40.50.300 * 186-275 | -
4l8kA,1-315 | 3.90.245.10
4jgpA,1-199 | 3.40.50.10490
4jyjB,3-194_200-268 | 3.90.226.10
2dm0A,10-114 | 3.30.70.100
1g6hA,2-254 | 3.40.50.300
3fc7A,1-98 | -
1iuqA,12-340 | 3.60.10.10
2px0A,25-258 | 3.40.50.300
2z4vA,1-314 | 1.10.600.10
4y0aA,10-178 | 3.40.50.300
4twlA,1-239 | 1.10.3890.10
2qf4A,1-169 | -
2ebzA,10-143 | 1.20.1440.60
6jjmA,1-21_31-216 | 2.40.70.10 * 223-452 | 2.40.70.10
2f40A,3-74 | 3.30.70.100
2yrcA,10-44 | -
2krrA,1-166 | -
3fhtB,1-21_27-210 | 3.40.50.300 * 216-387 | 3.40.50.300
2r18A,1-85 | - * 95-129 | -
3d8bB,5-170 | 3.40.50.300 * 175-219 | 1.10.8.60 * 224-274 | 1.10.10
4mjgA,1-177 | 2.40.128
3tkzA,1-97 | 2.40.50.140
1dekA,3-240 | 3.20.20.70
2bo1A,3-98 | 3.30.1330.30
2z6dA,1-118 | 2.60.120.290
4n0tA,1-116_310-363 | 3.40.50.1910 * 121-159_173-283 | 3.90.830.10
3licA,2-151 | - * 154-265 | 2.60.40.10
3k53A,3-173 | 3.40.50.300 * 180-268 | 3.30.300.20
4hteA,1-113 | - * 118-170 | 1.20.5 * 172-324 | -
2rmlA,5-143 | 3.40.140.10
2pcnA,6-159 | 3.50.30.40
4hutA,25-188 | 3.40.50.300
4bofA,5-125 | 1.10.510.10 * 140-393 | 2.40.10.220
1s70B,36-137 | 1.25.40.20 * 170-291 | 1.25.40.20
3mazA,1-99 | 3.30.300.30
6qm7N,1-218 | 3.60.20.10
1fqjB,3-133 | 1.10.150.20
2yh0A,1-195 | 2.40.128.110
3rc3A,18-116 | 1.10.10.10 * 124-174_430-607 | 3.30.420.10 * 180-428 | 3.40.50.300
4pzvA,3-118 | 3.40.50.720 * 123-210 | 1.10.10.520 * 224-335 | 3.30.70.260 * 347-413 | -
4jegA,1-110 | 2.40.50.140
3dmnA,1-161 | 3.40.50.10490
2x24A,1-31_33-165 | 3.40.50.300 * 170-314 | 2.40.30.10 * 330-408 | 2.40.30.10 * 414-519 | 3.30.70.870 * 524-654 | 3.30.70.240
3cuzA,17-381 | 3.20.20.360 * 395-529 | 1.20.1220.12
5c4mA,3-179 | 3.40.50.300
5kutA,10-176 | 3.40.50.300
4xr7I,3-151_160-250_260-437 | -
2nsaA,1-167 | 1.20.120.910
3w1oA,1-115 | 3.10.180.10
3n27C,2-70 | 1.20.5
4cyiD,10-407 | -
2oblA,5-119_308-346 | 3.30.1330.90 * 124-304 | 3.40.50.300
3njaB,1-108 | -
3sykA,12-200 | 3.40.50.300 * 206-289 | 1.10.8.60
1vhtA,4-204 | 3.40.50.300
1cvjH,1-132 | 3.40.630.30
4nuaA,1-338 | 1.10.600.10
3f44A,5-100 | 3.30.300.30 * 105-209 | 2.40.50.240
1t6eX,14-178 | 2.40.70.10 * 186-359 | 2.40.70.10
5civA,1-169 | 1.10.10.10
4qd6B,10-80 | 3.30.200.20 * 85-243 | 1.10.510.10
2zcaB,4-158 | 1.25.40
3cqlA,1-243 | 3.90.70.10
2hjhB,1-326 | 3.40.50.10840
1s2xA,44-179 | 1.10.357.10
2i8dA,1-121 | 3.10.110.10
1wmsA,5-170 | 3.40.50.300
2oexA,10-167 | 3.30.450.20 * 185-339 | 1.20.58.220
4aivA,3-113 | 2.160.20.70
2lm0A,24-123 | 1.20.58
4fvgA,1-109 | -
4a15A,1-94_174-238_485-596 | 3.40.50.300 * 100-169 | - * 243-470 | -
3kg4A,1-184 | -
3cwfA,3-108 | -
3f02A,1-221 | 1.10.3210.10 * 226-322 | 1.10.220
4pkdB,6-93 | 3.30.70.330 * 135-217 | 3.30.70.330
4nckB,3-309 | -
3behB,1-222 | -
1g6oA,4-130 | 3.30.450.90 * 145-323 | 3.40.50.300
2kpmA,24-105 | -
2ew9A,6-149 | 3.40.50.2020
3m0eA,1-170 | 3.40.50.300 * 175-247 | 1.10.8.60
2zptX,1-288 | 3.40.50.300
5xztJ,1-103 | 3.30.70.1060
3llmA,33-235 | 3.40.50.300
2fsfB,1-214_242-304 | 3.40.50.300 * 310-506 | 3.40.50.300 * 513-723 | 1.20.1580.10
6au6A,5-34_161-343 | 3.40.50.300 * 37-154 | 1.10.400.10
1zd8A,1-209 | 3.40.50.300
4qdcA,1-369 | 2.70.98.10
3fbiD,10-75 | -
3godC,1-91 | 3.100.10.20 * 96-293 | 1.20.120.920
4lcbA,1-155 | 3.40.50.300 * 159-252 | 1.10.8.60
2pn2A,1-40 | 2.20.25 * 42-137 | 3.30.300.20
3nppA,10-78 | -
1vs9S,1-66 | 2.30.30.30 * 70-103 | -
1zaqA,2-34 | -
2jdjA,3-96 | 3.30.70.60
1m7bA,3-179 | 3.40.50.300
1vk6A,1-86 | 3.90.79.20 * 90-257 | 3.90.79.10
3bm7A,1-106 | 3.10.180.10
1sekA,1-171_274-376 | 3.30.497.10 * 174-272 | 2.30.39.10
3kxkA,4-95 | 3.40.50.10330 * 102-289 | 3.40.50.300
1mtyG,1-162 | 1.20.120.520
3e0hA,1-153 | 3.20.80.10
3f84A,3-111 | 2.60.40.10 * 117-299 | 2.60.40.10
3l5oA,1-247 | 3.40.50.12780
2gu3A,25-128 | 3.40.1460.10
1hqsA,1-121_321-422 | 3.40.718.10 * 128-159_200-315 | 3.40.718.10 * 161-198 | -
1c4oA,14-164_245-330 | 3.40.50.300 * 171-234 | - * 343-499 | 1.20.120
1j7xA,3-114 | - * 120-299 | 3.40.50.1980
4fytA,1-188 | 2.60.40.1730 * 199-331 | 1.10.390.10 * 334-435 | 1.10.390.10 * 440-635 | 1.10.390.10 * 640-718 | - * 726-790 | - * 792-903 | -
5g3yA,3-113_170-213 | 3.40.50.300
4c0eA,1-149 | - * 151-277 | - * 280-330_349-415 | - * 420-508 | -
5ir2A,1-222 | 3.40.50.10420
4iaoA,17-195_318-425 | 3.40.50.1820 * 205-315 | -
3rtyB,1-110 | - * 115-245 | 2.40.70.10
2bmoA,1-40 | - * 44-145 | 3.90.480.10 * 153-230_245-437 | 3.20.20.80
4doiA,1-193 | 3.50.70.10
5mmiU,10-93 | 4.10.520.10
2laiA,1-99 | 3.40.50.800
3cwqA,3-205 | 3.40.50.300
6o9qA,1-100 | - * 105-314 | - * 317-514 | -
1wb9A,13-116 | 3.40.1170.10 * 123-259 | 3.30.420.110 * 264-480 | 1.10.1420.10 * 490-565 | 1.10.1420.10 * 573-787 | 3.40.50.300
1dvaL,1-80 | -
2aj0A,3-67 | 3.30.70.100
4v0kB,3-164 | 3.40.50.300
2w3pA,1-105_500-547 | - * 117-198_205-276 | 3.30.70.270 * 286-498 | 3.20.20.450
2e87A,13-64 | - * 75-159 | 1.10.287 * 165-308 | 3.40.50.300 * 314-356 | -
3mtvA,1-199 | 3.90.1200.10
1wthA,1-104 | 2.60.40.10 * 111-154_165-355 | 3.20.20.300 * 371-416 | - * 424-571 | -
1fjeB,14-175 | -
1f7lA,1-118 | 3.90.1150.10
3k9xC,1-68 | -
4au2B,1-90_100-188_270-320 | 3.30.497.10 * 190-265_324-354 | 2.30.39.10
1iq4A,4-174 | 3.30.1440.10
2kskA,10-68 | -
4qrhB,6-186 | 3.40.50.300
1e5rB,1-262 | 3.30.420.10
2nszA,1-125 | 1.25.40.420
1szwA,3-160 | 3.30.230.10 * 175-334 | 3.30.70.890
2hkvA,1-148 | 1.20.120.450
2gzaA,1-121 | 3.30.450.90 * 128-324 | 3.40.50.300
4ljyA,22-260 | 3.40.50.300 * 270-449 | 3.40.50.300
1fxlA,5-167 | 3.30.1330.60
3nqzA,26-175 | 2.50.20.10
2p12A,1-166 | 3.40.50.1240
2vo1B,4-226 | 3.40.50.720
2xziA,14-381 | 2.40.160.10
4ql3A,4-168 | 3.40.50.300
4n1aB,10-236 | 3.40.50.300 * 243-424 | 3.40.50.300 * 433-553 | 3.40.50.300
3bh0A,1-284 | 3.40.50.300
2ixeD,10-248 | 3.40.50.300
4k90A,1-389 | 1.50.10.140
3iwtA,6-166 | 3.40.980.10
4iufA,5-75 | 3.30.70.330
1nijA,4-181 | 3.40.50.300 * 184-315 | 3.30.300.20
3a00A,5-153 | 3.40.50.300
5vhgA,3-149 | 3.40.33.10
3n2eA,2-165 | 3.40.50.300
2qv8B,1-122 | 3.30.450.20
2ygqA,1-141 | 3.40.50.960 * 144-179 | 2.10.25 * 181-241 | 2.10.25
4b3fX,1-40 | 1.20.5 * 44-100 | 2.40.50.140 * 107-160_347-439 | 3.40.50.300 * 174-345 | - * 444-622 | 3.40.50.300
2zwsA,1-306 | 3.20.70.20 * 312-629 | 3.20.70.20
2r44A,1-224 | 3.40.50.300 * 228-329 | 1.10.8.80
1bcpA,17-224 | 1.10.530.10
2kbeA,1-226 | 3.40.50.300
4xjxA,1-161 | 3.40.50.10140 * 175-334_355-445 | 3.40.50.300 * 450-509 | - * 516-742 | 3.40.50.300 * 754-861 | -
3dfeA,3-79 | 3.30.70.1350
5io9A,16-91 | -
1n0qB,10-92 | 1.25.40.20
1v9mA,1-100 | 1.10.10.10 * 106-173 | - * 177-312 | 3.40.1350
3aqbB,10-321 | 1.10.600.10
5c3pD,12-303 | 2.60.120.330
2b1xA,2-151 | 2.102.10.10 * 180-439 | 3.90.380.10
2xzoA,1-40 | - * 42-140 | 2.40.30.270 * 147-401 | 3.40.50.300 * 407-449_458-613 | 3.40.50.300
4m70B,10-91 | 1.20.58
4npfX,1-113 | 1.25.40.10
1ofuY,1-119 | 3.30.750.24
2xtzA,8-341 | 3.40.50.300
3r9qB,5-198 | 3.90.226.10 * 201-240 | 1.10.12
3e0jB,1-140 | 1.10.10.10
1emnA,10-79 | -
2d9oA,12-89 | 3.30.70.330
2l6eA,25-83 | -
5htiA,12-109 | 3.30.200.20 * 114-289 | 1.10.510.10
4l7gA,1-144_360-373 | 3.30.420.40 * 150-205_254-359 | 3.30.420.40 * 208-249 | -
2ipcB,8-221_361-479 | 3.40.50.300 * 226-359 | 3.90.1440.10 * 486-678_724-745 | 3.40.50.300 * 750-933 | 1.10.3060.10
1z5hA,2-138 | 2.60.40.1730 * 144-331 | 1.10.390.10 * 342-413 | 2.60.40.1910 * 420-500 | 2.60.40.1910 * 504-645 | 1.10.390.10 * 650-779 | 2.60.40.1930
1fakL,1-108 | -
1htwA,31-158 | 3.40.50.300
2g4bA,1-172 | 2.40.128.110
2q37A,1-142 | 3.40.50.300
5tkzA,5-89 | 3.40.50.140
2dnrA,10-83 | 3.30.70.330
3ffjA,1-21_37-211_279-534 | 2.40.170.20 * 216-276 | - * 540-664 | 2.60.40.2380
1yqtA,1-240 | 3.40.50.300 * 247-484 | 3.40.50.300
3eieA,1-170 | 3.40.50.300 * 175-232 | 1.10.8.60 * 240-302 | 1.10.10
3ndaA,2-174_278-329 | 3.30.497.10 * 176-275_343-374 | 2.30.39.10
6hoyA,17-270 | 3.20.20.140
3o69A,1-176 | 2.60.120.10
4exrA,1-93 | 3.30.300.20 * 99-152 | 3.30.1340.30
2iwrA,7-174 | 3.40.50.300
3rjaA,1-94 | 3.30.43.10 * 101-210 | 3.30.465.10 * 214-449 | 3.40.462.20
1njhA,1-108 | 2.40.30.10
1mppA,10-188 | 2.40.70.10 * 196-357 | 2.40.70.10
6nibA,1-344 | 3.75.10.10
3f5fA,2-108 | 3.40.50.2300 * 113-249_439-654 | 3.40.50.2300 * 253-436 | 3.40.50.2300
3d89A,2-136 | 2.60.120.290
3feyA,30-154 | - * 164-266 | - * 284-404 | - * 407-469 | - * 471-609 | - * 614-761 | -
1rozB,1-321 | 3.40.50.12370
1jb0E,1-69 | -
5jzxD,1-171 | 3.30.1330.10 * 175-353 | 3.90.650.10
4nzrM,1-391 | 2.40.160.10
1w7cA,17-268 | 2.70.98.10 * 285-736 | 2.70.98.10
4atyA,5-119_293-309 | 3.40.50.10330 * 126-289 | 2.60.200.40
4qdnA,2-118 | -
3popA,12-105 | 3.30.43.10 * 111-213 | 3.30.465.10 * 218-308 | 3.30.70.2190
2oc6A,1-124 | 3.10.450.50
3u9rB,2-273 | 3.90.226.10 * 287-444_505-524 | 3.90.226.10 * 450-498 | -
2hb0B,26-139 | - * 146-333 | 2.60.120.200
2hfnE,1-139 | 3.30.1330.20
1ot6A,3-125 | 2.60.40.420
1wp9A,1-190 | 3.40.50.300 * 196-293 | 1.10.8.60 * 300-393 | 1.10.10 * 400-479 | 3.30.1370.110
4es8B,10-176 | - * 183-296 | -
5ck3F,1-147 | 3.40.50.300
5df6A,1-205 | 3.30.565.10
3lmlB,1-10_249-435 | - * 19-245 | -
4e6nB,1-91 | 3.40.630.30 * 100-216 | 3.40.630.30
4mnnA,3-165 | -
3g2bA,10-90 | 1.10.287
3vkwA,1-84 | - * 90-147 | 2.40.50.140 * 154-316 | 3.40.50.300 * 344-439 | 2.40.50.720
5o34A,1-209 | 3.90.226.10
4jmpA,1-224 | 3.40.50.300
1yx3A,12-104 | 1.10.10.60
3eehA,1-114 | 3.30.450.20
1a81E,1-216 | 2.70.98.70
4bs2A,10-84 | 3.30.70.330 * 100-166 | 3.30.70.330
1vqsA,1-109 | 3.30.70.100
2l6mA,2-85 | 1.10.1660.10
2bouA,1-68 | 4.10.400.10 * 71-137 | 4.10.400.10
4mqbB,4-203 | 3.40.50.300
3sonA,5-147 | 3.90.79.10
3i57A,5-184 | -
3n6yA,1-124 | 2.40.50.90
2lclA,19-66 | -
4w9mC,5-90_269-352 | 3.40.50.300 * 120-250 | -
2jysA,1-89 | 3.30.379.10
3ce2A,10-176_194-298 | 1.25.40.10 * 300-594 | 1.50.10.10
3mkaZ,1-245 | 3.90.226.10
5qoqA,1-149 | 3.90.79.10
3thxA,1-154_409-441 | 3.90.1100.10 * 161-393 | 1.10.275.10 * 460-519_540-550 | 1.10.1420.10 * 555-795 | 3.40.50.300 * 802-868 | 1.10.287
3lw2A,1-171_278-320 | 3.30.497.10 * 173-276_324-365 | 2.30.39.10
5aulA,10-109 | 2.60.120.290
3cxbA,1-116 | 1.10.150 * 121-299 | 1.10.443.10
4ntwA,2-209_368-410 | - * 216-242_253-275_288-364 | -
3wjpA,1-119 | 3.30.1330.10 * 128-184_199-325 | 3.90.650.10
2p9bA,10-115_314-407 | 3.30.420.40 * 122-132_220-310 | 3.30.420.40 * 136-219 | 3.90.640.10
2sn3A,2-50 | -
4dk2A,5-260 | 3.20.20.70
1b9wA,16-89 | -
1y0hB,4-93 | 3.30.70.100
2qtsA,2-209_361-417 | - * 218-245_254-278 | - * 279-350 | -
2vsoF,12-170 | 1.25.40.10 * 173-237 | -
4huqB,2-275 | 3.40.50.300
3f85A,3-109 | 2.60.40.10 * 118-199 | 2.60.40.10 * 205-310 | 2.60.40.10 * 316-453 | 2.60.40.10
2q1kA,4-52 | -
3c9uA,1-114 | 3.30.1360.120 * 121-239 | 1.10.1040.10 * 244-308 | 2.40.30.110
4x4aA,1-288 | 3.20.20.80 * 293-485 | 2.60.120.200
1tf5A,1-241_389-408 | 3.40.50.300 * 246-387 | 3.90.1440.10 * 413-572 | 3.40.50.300 * 586-775 | 1.20.120.1080
3aupD,3-189 | 2.40.70.10 * 198-359 | 2.40.70.10
5bq5B,19-170 | 3.40.50.300
2azwA,10-146 | 3.90.79.10
1vq8V,14-63 | 1.10.287
2iyvA,5-166 | 3.40.50.300
2qnlA,3-72 | 1.10.10.10 * 88-162 | 1.10.10.10
5l4qB,13-90 | 3.30.200.20 * 95-273 | 1.10.510.10
4eglA,1-164 | 3.30.565.10
2yzsA,3-131_214-308 | 3.20.20.370 * 136-212 | -
3f6aA,4-150 | 3.90.79.10
2wkqA,1-110 | 3.10.330.10 * 116-317 | 3.40.50.150
3ismC,1-286 | 3.20.20.140
2ropA,1-46 | - * 50-142 | 3.30.300.30
1u53A,10-193 | 3.40.33.10
3ue6C,1-119 | 3.30.450.20
3zljB,1-100_144-191 | 3.30.450.90 * 196-318_479-489 | 1.10.8.60 * 321-476 | 1.10.8.60 * 500-743 | 3.40.50.300
6gi4B,15-189 | 1.10.530.10
2ze7A,3-221 | 3.40.50.300
4wz9A,15-211 | 2.70.98.50 * 214-661 | 1.50.10.10 * 664-882 | 1.50.10.10
3wp0A,6-181 | 3.40.50.300
1ug3A,1-114 | 1.25.10.10
4ydsA,19-223 | 3.40.50.300
1wz9A,4-174_270-355 | 3.30.497.10 * 177-268 | 2.30.39.10
2advC,1-201_243-488 | 3.40.710.10
5ax2A,2-71 | -
1adxA,2-40 | -
4kbfB,11-219 | 3.40.50.300 * 226-365 | 3.40.50.300
1sjyA,10-148 | 3.90.79.10
5n7nA,1-185 | 2.40.70.10 * 193-361 | 2.40.70.10
6ea2A,14-204 | 2.130.10.10 * 208-360 | - * 375-480_490-500 | - * 504-634 | - * 640-770 | - * 774-889 | -
1kgdA,5-175 | 3.40.50.300
2wzpR,36-185 | - * 190-368 | -
3ch4B,11-188 | 3.40.50.300
4cpgA,4-68 | 1.10.10.10
1mynA,1-44 | -
4h4dA,3-10_199-309 | 3.40.1010.20 * 13-96 | 3.40.50.11270 * 99-186 | 3.40.1010.20
5he9A,3-161 | 3.40.50.300
3wryA,4-209 | 3.40.50.12240 * 214-413 | 3.40.1090.10
3uc2A,1-122 | 2.60.40.10
2jx2A,7-76 | 3.30.70.330
4a4zA,1-201 | 3.40.50.300 * 207-428 | 3.40.50.300 * 435-509 | 1.10.10 * 515-644 | 1.10.10.10 * 655-745 | 1.10.10.10 * 764-874 | 1.10.10.10
2oayA,1-115_125-175_278-367 | 3.30.497.10 * 183-275 | 2.30.39.10
2o3gA,1-75 | 3.30.110.40
4ixjA,1-99 | 2.60.40.10 * 106-224 | -
1tozA,1-50 | 2.10.25.10 * 52-116 | 2.10.25.10
2orwB,4-173 | 3.40.50.300
4cyjB,1-412 | -
1bd8A,1-156 | 1.10.357.10
2m7zA,12-46 | 1.20.5
1f0cA,2-100 | - * 115-297 | -
1h70A,1-255 | 3.20.20.70
3of5B,5-217 | 3.40.50.300
3dteA,1-131_199-247 | 3.20.20.150
5v5hA,1-161 | 1.10.357.10
6d0yA,2-40 | - * 43-118 | 3.30.70.330
1yyhB,1-189 | 1.25.40.20
5tspA,1-448 | 2.120.10.30
1z6aA,1-23_30-239 | 3.40.50.10810 * 244-479 | 3.40.50.300
1rjjA,5-98 | 3.30.70.1240
5b00A,1-261 | 1.10.600.10
6az1Q,1-115 | 1.20.120
5fmgH,3-191 | 3.30.420.40
5c05A,1-100_117-144 | - * 147-204 | - * 207-309 | - * 311-430 | - * 434-514 | -
1ksiA,10-113 | 2.60.40.10 * 121-189 | 2.60.40.10 * 201-310 | 2.60.40.10 * 317-410 | 2.60.40.10 * 416-495 | 2.60.40.10 * 503-639 | 2.60.40.10
5hkwC,1-293 | 1.10.620.20
1b5fB,1-87 | -
2ygoA,1-174 | 3.40.50.12780
4czxB,1-99 | -
1imvA,14-120_170-234_270-370 | 3.30.497.10
4bkyA,3-84 | 3.30.200.20 * 89-304 | 1.10.510.10
1hj7A,1-79 | 2.10.25.10
3kbqB,1-169 | 3.40.50.261
1ewrB,15-124 | 3.40.1440.10 * 131-267 | - * 274-529 | 3.40.50.300
5wu6A,3-121 | 3.40.50.20 * 126-190_306-402 | 1.10.486.10 * 193-299 | 1.10.287
2rsvA,25-140 | 3.30.200.20 * 145-338 | 1.10.510.10
2xmjA,1-63 | 3.30.70.100
3ip0A,3-158 | 3.30.70.560
5ko2A,1-181_318-344_852-900_956-1038 | 1.20.1560.10 * 359-599 | 3.40.50.300 * 912-1033 | 3.40.50.300
3ibyD,1-251 | 3.40.50.300
3smzA,24-133_164-279 | 3.40.50.300
2bycB,1-132 | 3.30.70.120
2xauA,77-277 | 3.40.50.300 * 283-414_433-449 | 3.40.50.300 * 455-554 | 1.10.8 * 563-745 | 1.20.272.10
5xktA,4-198 | 3.40.50.300
2v9pA,1-100 | 1.25.40.10 * 104-272 | 3.40.50.300
4hseA,3-174 | 3.40.50.300 * 179-242 | 1.10.8.60 * 247-369 | 1.10.8.60
3uwtA,1-186 | 3.30.70.270
3rkoG,3-93 | 1.10.287.3510
3vldA,2-117 | 1.25.40 * 120-210 | 1.25.40 * 212-320 | 1.25.40 * 323-457 | 1.25.40
4s0uC,10-175 | -
2od6C,10-107 | 3.30.110.40
1vq3B,5-74 | 3.30.70.1150
4d0eA,1-50 | 2.10.25.10 * 52-122 | 2.10.25.10
2onkA,1-78_147-240 | 3.40.50.300
1wrbA,1-232 | 3.40.50.300
2zauA,1-105_238-307 | 3.30.420.40 * 112-234 | 3.30.420.40
3b6eA,32-182 | 3.40.50.300
4bjjA,1-106 | -
3te6A,1-135 | 3.40.50.300 * 140-295 | 3.40.50.300
5jqyA,10-81 | 1.10.287 * 100-414 | 2.170.270.10
4bszA,1-93 | 3.30.300.20 * 96-179 | 3.30.1140.32
4rojA,1-98 | 3.30.390.50
3vlaA,8-53_100-118_126-135_155-217_234-412 | 2.40.70.10
3d3mA,1-161 | 1.10.357.10
2oap1,1-121 | 3.30.300.180 * 126-190_210-398 | 3.40.50.300 * 404-498 | 1.10.8.60
2vqxA,10-322 | 3.40.50.1460
5ermB,1-313 | 1.10.620.20
4wksC,1-211_441-548 | 3.40.50.620 * 220-278_370-432 | 1.10.240.10 * 284-368 | 1.10.240.10
1xx6A,8-174 | 3.40.50.300
4mpoB,10-148 | 3.90.79.10
5b57D,3-243 | 3.40.50.300
3e8oB,10-95 | 3.30.300.180
2f8xK,1-218 | 1.25.40.20
1h6kA,1-129 | 1.25.40 * 136-244 | - * 259-380 | - * 400-450_470-500 | - * 503-610 | - * 614-728 | -
2h9eC,1-43 | -
4s2xA,1-158 | 3.90.79.10
6em3G,6-159 | 3.90.1010.10
2c9oC,19-228 | 3.40.50.300 * 234-309 | 1.10.8.60
2rhmC,6-189 | 3.40.50.300
3o6uA,5-122 | 3.40.20.10
2k0mA,12-98 | 3.30.2310.20
1x3lA,2-96 | 3.30.1360.120 * 104-207 | 2.40.30.110 * 219-367_375-434 | 3.40.50.1000
4n2kA,1-121_139-156 | - * 161-300 | - * 304-425 | 2.40.10 * 431-634 | -
5griB,3-98_268-335 | 3.40.718.10 * 103-264 | 3.40.718.10
1f5nA,15-129 | - * 158-264 | - * 279-381 | - * 400-454 | -
1nykA,13-156 | 3.40.50.1000
5wriB,7-263 | 3.40.50.300
3qyfA,1-271 | 3.40.50.2000
5jxtD,10-210 | 3.40.50.300 * 214-292 | 1.10.287
1h6fA,3-175 | 3.30.420.10
2zejA,1-157 | 3.40.50.300
3b4sB,1-91 | 1.10.10.10
2ihdA,3-127 | -
5jn0A,1-90 | 3.30.300.20
2kigA,10-155 | 2.60.120.10
4uqfG,1-46 | 1.10.286.10 * 50-186 | 3.30.1130.10
1y5iC,1-216 | 1.20.1250.20
1dj7B,10-66 | -
1ex7A,4-186 | 3.40.50.300
3f13B,1-63 | 1.10.8.60 * 68-143 | 1.10.10.10
1np6A,4-158 | 3.40.50.300
3c7lB,3-128 | 1.10.10.60
1jmuB,6-134 | 3.40.50.2300 * 140-200_254-340 | 3.30.470.20 * 344-455 | 3.30.700.30 * 467-595 | 2.40.50.100
2m74A,10-60 | 2.10.25.10 * 64-136 | 2.10.25.10
2fwrA,4-45 | - * 53-247 | 3.40.50.300 * 253-305 | 1.10.8.60 * 313-430 | 1.20.272.10
3eoiA,1-123 | 3.10.450.50
1lj5A,1-177_280-329 | 3.30.497.10 * 180-277_340-379 | 2.30.39.10
4fchA,6-213 | 2.40.160.40
2bv1B,1-130 | 1.20.120
2c9jD,1-215 | 2.40.160.20
3bqwA,1-347 | 3.20.20.300
3pgbA,18-103 | 3.10.450.360 * 111-266 | 3.10.450.360 * 279-400 | 1.10.390.10 * 406-506 | 2.60.40.10 * 510-730 | 2.60.40.1910
5jhfA,6-76 | 3.30.70.100
2e3fA,1-43 | -
3cioA,14-254 | 3.40.640.10
1x7vA,7-98 | 3.30.70.100
2d1cA,1-90_200-483 | 3.20.20.60 * 94-114_124-149 | 2.40.33.10
2ckfC,24-218 | 3.10.450.50 * 221-425 | 2.70.98.10
3a0sA,1-94 | 3.30.70.1440
1p9rA,1-100 | 3.30.1370.10 * 106-377 | 3.40.50.300
1xsfA,1-108 | 1.10.10.10
5m04A,11-156 | 2.70.210.12 * 163-333 | 3.40.50.300
6immR,2-47 | -
3zzoA,1-89 | -
2giaA,22-150 | 3.40.50.2300
2vsgA,1-83 | 1.20.58 * 89-358 | 1.20.120.200
4by6A,1-113_121-280 | 1.20.120 * 290-388 | - * 391-508 | -
1e2kA,5-110 | 3.40.50.300 * 115-130_190-308 | 3.40.50.300
5fifE,10-224_474-497 | 3.90.1300.10 * 228-469 | 3.40.605.10
3qnfA,16-214 | 2.60.40.1730 * 220-368 | 1.10.390.10 * 379-460 | - * 464-579 | 2.60.40.1910 * 584-696 | 1.25.50.10
4d90A,5-38 | - * 48-94 | 2.10.25.10 * 97-127 | 2.10.25.10
1vs8H,1-64 | 3.40.5.10 * 71-149 | 3.10.430.100
1nstA,15-282 | 3.40.50.300
3j7yU,5-109 | 3.30.70.330
2i06A,1-80 | 1.10.150 * 87-193 | 3.30.70 * 200-305 | -
3cx5E,1-185 | 2.102.10.10
3g5kA,1-183 | 2.40.128.280
4xl1A,1-50 | 2.10.25.10 * 52-115 | 2.10.25.10
3thxB,10-160 | 3.40.1170.10 * 189-330 | 3.30.420.110 * 334-489 | 1.10.1420.10 * 590-792 | 3.40.50.300 * 800-852 | -
5k1sB,3-140_274-332 | 3.90.180.10 * 151-270 | 3.40.50.720
5dufA,1-199 | 3.90.226.10 * 201-237 | 1.10.12
2h4pA,1-124_162-242_279-350 | -
2j5gK,4-248 | 3.90.226.10
3cvmA,10-177_280-328 | 3.30.497.10 * 180-277_340-374 | 2.30.39.10
2ogfA,3-121 | 3.30.460.10
4lgdD,15-91 | 3.30.200.20 * 96-292 | 1.10.510.10
1wg1A,19-83 | 3.30.70.330
3gxwC,1-99 | 3.40.50.1010
2a9gA,1-194 | 3.20.20.20 * 200-399 | 3.40.50.2000
1i2uA,2-44 | -
3iqwB,15-253 | 3.40.50.300
1e9rD,10-100_250-399 | 3.40.50.300 * 111-235 | -
3od8F,2-89 | -
1q60A,10-93 | -
4finB,2-70_171-230 | 3.40.50.300 * 80-170 | - * 232-290 | 1.10.287 * 306-526 | 3.40.50.300
1sauA,1-40 | - * 42-107 | -
5y4zA,10-141 | 3.40.1350.10 * 170-439 | 3.90.550.10
4q4hB,14-166_305-329 | 1.20.1560.10 * 342-583 | 3.40.50.300
3pjpA,1-194 | 3.20.20.140
1xtiA,1-221 | 3.40.50.300 * 228-379 | 3.40.50.300
6b9mC,1-149 | 3.40.50.300
3g21A,15-76 | -
3rnlA,6-247 | 3.40.50.300
2cpyA,15-99 | 3.30.70.330
2ntxA,1-171_188-314 | 3.40.50.300
1ewfA,5-208 | - * 218-456 | -
3gkuC,3-134 | 1.20.120
4blqA,1-267 | 3.40.50.300
5cdzA,1-165_270-359 | 3.30.497.10 * 168-267_274-277 | 2.30.39.10
3id9B,3-125 | 3.90.79.10
1uw0A,2-102 | -
4jl5A,3-202 | 3.40.50.300
3l3sB,1-230 | 3.90.226.10
3s8sA,1-98 | 1.10.10.10
3hluA,3-62 | 3.30.70.1150
3utmA,12-196 | 1.25.40.20 * 200-320 | 1.25.40.20
2arrA,3-171_270-318 | 3.30.497.10 * 173-267_325-358 | 2.30.39.10
4p6qA,1-80 | 3.30.70.270 * 87-164 | 3.30.70.270 * 167-286 | 3.10.20.370
4f02D,13-165 | 3.30.70.330
3u31A,1-254 | 3.20.20.70
3bosB,1-155 | 3.40.50.300 * 161-231 | 1.10.8.60
3k9xA,1-60 | 4.10.410.10
1gk9B,1-181_518-557 | 3.40.190.10 * 183-515 | 1.10.760.10
3ld9A,5-187 | 3.40.50.300
1oo0B,10-89 | 3.30.70.330
4n0dA,4-31_161-319 | 3.40.50.300 * 34-156 | 1.10.400.10
2odeB,3-131 | -
4dooA,17-202 | 1.10.443.10
3ka2A,10-189 | 2.40.10.10
5ck3C,1-105 | -
2e8eA,2-31 | - * 34-132 | 3.30.300.20
6ff2A,3-63 | 3.30.70.100
2wyoA,1-300 | 3.30.420.10 * 305-417 | 1.10.287.660 * 424-520 | 3.30.565.10
3ndhA,1-214 | 3.40.50.150
3aosA,1-141_181-221 | -
4afxA,3-245 | 3.40.50.300 * 250-347 | 1.10.8.60
2g0cA,3-65 | 2.40.50.140
2xszD,15-216 | 3.40.50.300 * 221-309 | 3.30.70.100
4hdtA,5-339 | 3.90.226.10
4xxbB,3-36 | -
4dcuA,4-108 | 3.40.50.20 * 118-180 | 3.30.1490.20 * 185-399 | 3.30.470.20
2ogkD,1-142 | 3.40.50.620
2nzwB,2-144 | - * 155-338 | -
3e1sA,1-115 | 3.30.300.130 * 124-306 | 3.40.50.300 * 311-410 | 3.40.50.300 * 416-517 | 1.10.8.60
5c17A,1-82 | 1.10.10.10 * 87-206 | 3.30.450.40
1lkkA,1-99 | 2.40.30.70
4ifaA,1-298 | 2.40.160.40
3b9fI,3-186_288-321 | 3.30.497.10 * 188-286_330-355 | 2.30.39.10
5e8dA,1-43 | -
2oq1A,15-119 | 3.10.180.10 * 124-252 | 3.10.180.10
1ihuA,10-255 | 3.40.50.300 * 269-537 | 3.40.50.300
3a4mA,5-236 | 3.40.50.300
1o6xA,1-79 | 3.30.70.120
2vl7A,1-149 | 3.40.50.300 * 155-238 | 1.10.8.60 * 245-339 | 1.10.10.10 * 345-459 | 1.10.10.10
3do6A,1-101_449-516 | 3.40.50.300 * 104-139_309-446 | 3.30.420.40 * 141-306 | 3.30.420.40
2k2sB,10-55 | -
5f56A,6-246 | 3.90.1640.30 * 251-424 | 3.10.310.30 * 431-539 | 2.40.50.460 * 554-703 | 3.40.630.30
1ewrA,1-105_250-447 | 3.40.50.300 * 118-233 | 1.10.8.60
3tvzB,1-40 | - * 43-138 | -
2ffjB,1-119 | 3.40.50.2300 * 122-271 | 3.30.70.270
3godD,1-90 | 3.100.10.20 * 95-299 | 1.20.120.920
4n7bA,4-100_239-265 | 3.40.50.2300 * 103-236_273-318 | 3.40.50.2300
3k1wA,6-144 | 2.40.70.10 * 150-333 | 2.40.70.10
3njaA,1-106 | 3.30.479.10
1dqbA,1-50 | - * 52-83 | -
6gcfA,2-158 | -
1q0uB,1-209 | 3.40.50.300
5ky2B,1-39 | -
4mrsB,19-161_308-338 | 1.20.1560.10 * 354-598 | 3.40.50.300
4l6wA,1-169 | 3.30.230.10 * 174-409 | 3.40.50.880
1lkvX,3-75 | - * 80-213 | 1.10.10.10
6bm5A,15-325 | 3.20.20.370
1c4zA,3-169_233-350 | 3.60.10.10 * 172-229 | -
2ki2A,1-75 | 3.30.70.330
1jqlB,3-139 | 3.40.50.1010
6g2zA,1-163 | 3.40.50.300 * 169-266 | 1.10.8.60
2pt7G,1-145 | 3.30.70.270
5dllA,1-14_25-201 | 3.40.50.2300 * 204-355 | 3.30.450.20 * 377-444_461-517 | 3.30.450.20 * 520-649 | 3.30.450.20 * 653-853 | 3.30.70.270
3hf5D,1-109 | 3.30.70.100
1ofhA,10-130_140-190 | 3.40.50.300 * 195-250 | 1.10.8.60 * 255-309 | 1.10.10.10
5h66B,1-179 | 3.40.630.30
3bcyA,1-86 | - * 88-146 | -
2vlgC,1-99 | 3.30.70.120
2cqhA,10-89 | 3.40.50.150
5cfjA,1-140 | 1.10.10.10
2y0nC,1-164 | 1.20.120.520
4nbgE,1-109 | 2.102.10.10
2kb9A,2-44 | -
3p5pA,3-141_238-308 | - * 144-234 | - * 310-408 | - * 411-740 | 3.20.20.140
1knxB,2-83 | 1.10.10.10 * 100-179_275-303 | 3.40.190.10 * 181-273 | 3.40.190.10
3uk6F,15-210 | 3.40.50.300 * 216-299 | 1.10.8
4qfeD,6-198 | 3.90.226.10
6q4rA,17-214 | 2.60.40.1730 * 220-368 | 1.10.390.10 * 380-530 | 1.10.390.10 * 540-660 | 1.10.390.10 * 670-740 | - * 746-854 | 2.60.40.1910
3kkfA,1-94 | 3.30.300.30
1x5oA,28-109 | 3.30.70.330
5il3A,14-110 | 1.10.287 * 117-168_176-200 | - * 203-318 | - * 321-417 | - * 423-536 | -
4bwpB,11-20_31-210 | 1.10.1300.10 * 214-372 | 1.10.10.10
1dx5I,1-50 | 2.170.140 * 52-118 | 2.170.140
3s3xB,20-209 | 2.60.120.200 * 245-278 | 2.10.25.10 * 285-391 | 2.40.30.10
1d4tA,4-99 | -
2kkhA,20-95 | 3.30.1360.10
4lzkC,1-174 | 3.40.50.10440
2qt1A,6-189 | 3.40.50.300
1sjqA,7-84 | 2.40.270.10
6f8bA,10-298 | 2.40.160.10
3ciaA,1-201 | 2.60.40.1730 * 204-305 | 1.10.390.10 * 308-570 | 1.10.390.10
6b5cA,6-180 | 3.40.50.300 * 186-290 | 1.10.8.60
4erdA,1-108 | 3.40.50.20
3u0oA,1-150_257-319 | 3.30.1330.10 * 154-254 | 3.90.650.10
2ci9A,10-102 | 3.40.50.11260
2r2aA,4-189 | 3.40.50.300
3ub8A,10-157 | -
3oadA,6-162 | 2.40.70.10
1so7A,1-174_305-357 | 3.40.50.1400 * 178-298 | 3.40.50.1400
5tnuA,1-221_312-441 | 3.40.50.300 * 226-308 | 1.10.8.60
2vifA,1-131 | 2.60.120.10
3laoB,17-234 | 3.90.226.10
4b89A,1-110 | - * 112-229 | -
2qorA,6-188 | 3.40.50.300
4mqdA,1-133 | 2.60.120.260
4mo1A,3-145 | 1.10.10.10
5g1sG,5-192 | 3.90.226.10
3fmgA,4-121 | 2.60.40.10 * 124-235 | 2.60.40.10
1pujA,1-80 | 3.30.1370.10 * 87-259 | 3.40.50.300
3crvA,2-155_301-394 | 3.40.50.300 * 161-298 | - * 400-551 | 3.40.50.300
2wtuB,1-100 | 3.30.450.20 * 105-250 | 3.30.450.20 * 256-420 | 1.10.8.60 * 427-499 | 1.10.8.60 * 505-738 | 3.40.50.300
4ihqA,1-181 | - * 190-460 | 3.40.50.300
1z3iX,1-13_24-265_283-335 | 3.40.50.410 * 342-574 | 3.40.50.410 * 578-638 | -
1p3y1,1-169 | 3.40.50.1950
2odiA,7-94 | 3.10.260.10 * 105-190 | -
3tr9D,1-275 | 3.20.20.20
5c9fA,3-132 | 3.30.750.24
2yz2B,3-246 | 3.40.50.300
4akgA,15-184_308-384 | 3.40.50.1010 * 188-305 | - * 390-484 | - * 490-588 | 1.10.10 * 593-755_773-830 | 3.40.50.300 * 844-1024 | 3.40.50.300 * 1030-1144 | -
2oplB,1-182 | 3.40.50.880
3by4A,1-169 | 3.40.50.10490
3bn7A,1-98 | 3.30.70.100
1iieA,3-67 | -
3nkdB,10-256 | 3.20.20.140
4otpA,3-235 | 3.60.10.10
1mkyA,3-124 | 3.40.50.300 * 131-193 | 1.10.8.60 * 199-306 | 1.20.272.10 * 311-406 | 3.30.300.20
3upuA,2-144 | 3.40.50.300 * 151-204 | - * 213-324 | - * 330-439 | -
1hv8A,1-209 | 3.40.50.300 * 215-363 | 3.40.50.300
5yk4A,12-134 | 3.40.1170.10 * 140-250 | 1.10.10.10 * 254-418 | 1.10.10.10 * 425-509 | 1.10.10.10 * 515-769 | 3.40.50.300
5ep2A,1-170 | 3.40.50.300 * 175-252 | 1.10.8.60
1uj2A,4-213 | 3.40.50.300
4qc8A,1-134 | 2.60.40.420 * 149-224_383-498 | 2.60.40.420 * 230-379 | 2.60.40.420
5c98A,1-109 | 1.20.58 * 116-354 | 3.30.565.10
3io5A,1-271 | 3.40.50.300
2jv7A,12-78 | -
4b93A,1-157 | 3.30.450.50
3hi9D,1-79 | 3.30.70.330
2i71A,1-201_300-371 | 3.40.50.1820 * 204-298 | -
4a8jF,1-262 | 3.90.550.10
5jo7D,1-139_152-199 | - * 200-350 | - * 353-499 | -
1vwxX,36-117 | 3.30.70.330
3iijA,1-175 | 3.40.50.300
4lj9A,1-62 | 1.10.8 * 69-238 | 3.40.50.300 * 244-332 | 1.10.8.60
4zb7A,4-171 | 1.20.1050.130
3viuA,2-211_274-333 | 3.90.226.10 * 214-268 | 1.10.287 * 370-535_600-702 | 3.40.50.720 * 540-600 | 3.50.50.60
4r9pA,1-209 | 3.30.420.10
3qsjA,10-221 | 3.90.79.10
3kizA,10-115 | 3.30.1330.90 * 121-198 | 3.30.70.260 * 204-367 | 3.40.50.10330
1g3qA,4-237 | 3.40.50.300
3kqnA,10-209 | 3.40.50.410 * 214-437 | -
2rt3A,1-97 | 3.40.50.150
4q6kA,1-141 | 2.60.40.1230 * 144-523 | 2.120.10.10
1pp9R,34-196 | 2.102.10.10
5hk7B,1-138 | -
2b8tA,4-184 | 3.40.50.300
4zo4A,6-202 | 3.40.50.300
2x49A,10-144 | 3.40.50.2300 * 150-333 | 3.30.70.270
4x30A,1-176_273-319 | 3.30.497.10 * 189-271_326-367 | 2.30.39.10
2hzcA,10-85 | 3.30.70.330
3oeqA,14-121 | 3.40.50.2300
3k4iC,1-213 | 3.40.1080.10
3mjqA,1-107 | 1.10.10.10
3t7aA,2-116 | 3.40.50.300 * 123-213 | 2.40.30.10 * 243-319 | 3.30.70.870
2hvzA,3-96 | 3.40.50.1470
1sgoA,32-138 | 3.40.50.1390
4yudA,10-87 | -
2uuuD,10-124 | - * 130-309 | 3.40.50.450 * 313-524 | 3.40.50.460
3fkqA,3-103 | 3.40.50.2300 * 107-354 | 3.40.50.300
3h1dA,1-161_305-382 | 3.40.630.30 * 164-300 | 3.40.630.30
3ozqA,1-175_273-320 | 3.30.497.10 * 177-270_330-364 | 2.30.39.10
1jjoC,1-191 | 3.30.450.40 * 194-244 | 1.10.10.10
4u9rA,3-147 | 1.10.10.10
3m4wE,17-42 | 1.20.5
3lifA,34-236 | 3.40.50.150
3fvqA,4-234 | 3.40.50.300 * 240-343 | 2.40.50.140
1q1aA,3-35_109-132_186-285 | 3.40.50.1220 * 37-106_134-185 | 3.30.1600.10
5svvD,16-119 | 2.60.40.150
2f6rA,2-229 | 3.40.50.300
2oqmB,1-177 | 1.20.120.450
1njgB,15-170 | 3.40.50.300 * 176-239 | 1.10.8
4rmhA,1-35_90-120_173-292 | 3.40.50.1220 * 40-87_122-168 | 3.30.1600
1cmzA,1-128 | -
4hp9A,3-119 | 3.40.140.10
2pjzA,3-261 | 3.40.50.300
3h20A,1-171 | 3.90.1690 * 177-287 | -
4twkB,2-241 | -
3gpvA,2-114 | 1.10.1660.10
1znwA,5-182 | 3.40.50.300
3slzA,10-108 | 2.40.30.10
4fxvA,1-80 | 3.30.70.330
4twjA,4-236 | 3.40.50.1220
4x89A,2-92 | 1.10.287
2bmbA,5-190_414-448 | 3.40.50.2000 * 194-406 | 3.40.50.2000 * 459-513 | -
2y3nB,3-59 | 1.10.287
3uejA,12-65 | -
1zw0C,2-52 | 1.10.287
2gj8D,6-165 | 3.40.50.300
4wz8B,10-183 | - * 187-330 | 3.40.50.300 * 336-530 | - * 547-698 | -
5le5M,10-216 | 3.60.20.10
4hfqA,5-198 | 3.90.1200.10
1faqA,10-44 | -
2rugA,11-93 | 3.30.70.330
3zvqA,2-69 | -
2v9kA,10-204 | - * 213-300 | - * 307-457 | -
4fhrB,5-69 | - * 74-208 | 1.10.8.60
4f4cA,1-56 | 3.30.70.100 * 69-390_956-1038 | 1.20.1560.10 * 412-679 | 3.40.50.300 * 1047-1188 | 3.40.50.300
3b34A,15-131 | 2.40.50.140 * 141-331 | 3.90.320.10 * 370-448 | 2.60.40.60 * 478-583 | 2.60.40.60 * 587-730 | 1.10.3210 * 734-867 | 1.20.1270.10
5etrA,1-157 | 3.30.70.560
5lstA,17-213 | 3.40.50.300 * 220-389 | 3.40.50.300 * 409-585 | 1.10.3380.30
3nbxX,3-176 | 3.40.50.300 * 189-335 | - * 343-481 | 1.10.8.60
3kcgI,1-136_192-215_318-414 | 3.30.497.10 * 217-314 | 2.30.39.10
3nt8B,13-194 | 3.40.33.10 * 215-399 | 3.40.33.10
1eaiC,10-59 | -
2ci1A,1-84 | 3.30.70.1710 * 91-273 | 3.90.1570.10
2kh9A,16-79 | -
3md1A,2-83 | 3.30.70.330
2va0A,3-98 | 3.30.70.330
4zflD,1-227 | 3.40.47.10
4htpA,10-214 | 1.10.132.10
2r9yA,1-171_265-309 | - * 174-263 | -
2qziA,1-98 | 3.30.300.30
4qhpA,1-21_30-294 | 2.40.128 * 296-347_365-461 | - * 476-647 | - * 650-750 | - * 753-866 | -
4fidA,4-314 | 3.40.50.300
2yq2A,1-154 | 2.60.120.290 * 165-214 | 2.10.25.10 * 223-332 | 2.60.120.290
5h8cA,1-121_283-335 | 3.40.50.300 * 128-279 | 1.10.8.60
3vj8A,1-158_173-209 | 1.10.3210.10 * 214-335 | 1.10.3410.10
2cjkA,1-164 | 3.40.50.1470
5visB,6-264 | 3.20.20.20
3eijA,1-149 | 1.25.10.10 * 151-276 | 1.25.10.10
6isoK,4-194 | 3.40.50.2000
3up8A,1-205_243-259 | 3.20.20.100
4yfbC,1-101 | 2.60.40.10 * 118-575 | 3.40.710.10
1wkrA,12-339 | 2.40.160.10
2no7B,1-219 | 3.40.50.300
2aprA,15-325 | 2.40.70.10
3exaA,5-113_183-303 | 3.40.50.300 * 121-180 | 1.10.20.140
2ihyA,4-248 | 3.40.50.300
1nktA,15-229_365-408 | 3.40.50.300 * 235-358 | 3.90.1440.10 * 418-624 | 3.40.50.300 * 630-836 | 1.10.3060.10
1tu5A,1-104 | 3.30.70.340 * 111-460 | 3.40.630.10 * 472-623 | 2.60.120.260
6iouA,1-75 | - * 89-238 | 2.60.130.10
2ly1A,1-73 | - * 108-175 | -
6athA,1-70 | 3.30.200.20 * 75-277 | 1.10.510.10
2fsgA,1-257 | 3.40.50.300 * 264-405 | 3.40.50.300 * 429-537 | 1.10.8.60 * 544-678 | 1.20.272.10
3oiyB,1-200 | 3.40.50.300 * 206-399 | 3.40.50.300
1vjqA,3-69 | 3.40.50.2300
3hi7B,10-134 | - * 140-240 | - * 244-500 | 3.40.50.1820 * 507-598 | - * 605-709 | 2.60.40.10
4nbiB,3-148 | -
3gqiB,1-108 | 3.30.70 * 119-221 | -
6dftF,1-131_230-321 | 3.20.20.300
1tkvA,2-89 | 1.10.10.10
1qm9A,4-82 | 3.10.20.90 * 121-198 | -
3peyA,1-209 | 3.40.50.300 * 215-391 | 3.40.50.300
2g7oA,5-62 | -
1debB,2-53 | 1.20.5
2kpyA,1-57 | 2.10.25.10
2zo6A,10-109 | 3.10.20.70 * 125-213 | 3.30.590.10
4rleA,10-116 | 3.30.70.120
1t4aA,1-79 | 3.30.70.100
5w0hA,1-79 | 3.30.70.330
4bb2A,1-167_274-333 | 3.30.497.10 * 170-270 | 2.30.39.10
1ti5A,1-46 | -
4otkA,17-276 | 3.20.20.100
1uohA,1-93 | 1.25.40.20 * 95-165 | 1.25.40.20 * 167-223 | 1.25.40.20
2hxsA,6-177 | 3.40.50.300
5mr6A,1-111 | 1.10.540.10 * 117-227 | 2.40.110.10 * 230-396 | 1.20.140.10
5l3sB,1-70 | 1.20.120 * 74-283 | 3.40.50.300
1d2nA,1-170 | 3.40.50.300 * 176-240 | 1.10.8.60
3u9wA,46-194 | 2.60.40.1730 * 198-300 | 2.60.40.1730 * 304-508 | 1.10.390.10 * 514-608 | 1.25.40.10
3qwoC,5-53 | 1.20.5
4jcqA,1-94_279-338 | 3.30.565.10 * 98-275 | 3.40.50.2300
1svmA,1-100 | 1.25.40 * 104-212_223-259 | 3.40.50.300 * 264-359 | 1.10.8
6qulU,2-88 | 3.30.70.330
2rsxA,10-159 | 2.60.120.1440
3lnlB,1-109_205-349 | 3.40.1780.10 * 113-200 | 2.40.10.240
4od9B,1-240 | -
4oavD,10-136 | 1.25.40.20 * 147-239 | 1.25.40.20 * 249-303 | 1.25.40.20 * 311-413 | 1.25.40.20 * 421-500 | 1.10.10.10 * 517-669 | 1.10.10.60
1n1iB,15-89 | -
1rxqD,13-167 | 1.20.120.450
3d3qB,4-112_185-303 | 3.40.50.300 * 119-182 | 1.10.20.140
2c43A,1-126 | 3.30.420.10 * 134-278 | -
1lvgA,4-189 | 3.40.50.300
3rjoA,1-135 | 3.10.150.10 * 140-200 | - * 204-335 | 1.10.10.10 * 345-408 | 1.10.10.10
1shzA,5-32_161-324 | 3.40.50.300 * 34-156 | 1.10.400.10
5g53C,3-196 | 3.40.50.300
1wyyB,1-120 | 1.10.287
1ryp1,1-222 | 3.60.20.10
3pzfA,10-175_283-338 | 3.30.497.10 * 178-280_345-369 | 2.30.39.10
6b7rA,32-227 | 2.60.120.200
4j9zB,1-97 | 1.20.58
6j6ga,12-113_121-133_176-223_243-300 | - * 313-456 | - * 477-654 | - * 669-754 | - * 765-870 | - * 875-1023 | -
3k3wB,1-198_512-549 | - * 200-408 | -
3k1lA,1-84 | - * 105-189 | 3.80.10.10 * 191-287 | 3.80.10.10 * 290-376 | 3.30.40.10
2r6fB,5-91_444-505 | 3.40.50.300 * 130-254 | 3.30.190.20 * 285-440 | 1.10.8.280 * 509-593_760-878 | 3.40.50.300 * 600-690_762-767 | 1.20.1580.10
4z0mB,3-195 | 3.90.226.10 * 198-239 | 1.10.12
4c1nA,2-38_154-230_399-442 | 3.40.50.1000 * 41-149 | 2.40.50.10090 * 234-396 | 3.40.50.10090
3by9A,2-191 | - * 194-259 | -
3gp4B,1-60 | 1.10.1660.10 * 63-130 | 1.20.5
4w8kA,1-100_189-289 | 3.40.630.40 * 103-186 | 3.30.70.360
2wa0A,12-214 | 1.10.600.10
5expA,1-170 | 3.40.50.300 * 175-249 | 1.10.8.60
1twfL,1-46 | -
4ytlA,6-95 | 2.60.40.10
3vmkA,1-113_260-369 | 3.40.718.10 * 120-149_168-257 | 3.40.718.10
1uzkA,1-61 | - * 64-152 | -
2qz4A,6-150 | 3.40.50.300 * 156-220 | 1.10.8.60
3r9qA,5-198 | 3.90.226.10 * 200-233 | 1.10.12
4bj1A,1-259 | 3.80.10.10
1lv7A,10-176 | 3.40.50.300 * 181-251 | 1.10.8.60
3tixB,1-190_209-310 | - * 314-421 | -
1yc5A,4-232 | 3.20.20.70
4dywA,10-129 | 3.90.79.10
2zgdA,1-96 | 1.25.40.20
2iy2B,13-66 | -
5kawA,2-155 | 3.40.630.30
3sxlA,5-157 | 3.30.70.270
3l82B,1-184 | 3.40.50.150
3kraC,5-269 | 3.40.640.10
1agrH,1-116 | -
3f6kA,1-119 | 2.60.40 * 124-504 | 2.130.10.10 * 513-585 | - * 587-657 | -
4g9sA,1-133 | 1.10.287 * 138-187 | -
3tahB,4-264 | 3.40.50.300
2ek1A,2-76 | 3.30.70.330
2xtzB,4-290 | 3.40.50
3i8sB,4-191 | 3.40.50.300 * 198-258 | 3.30.300.20
3mdfA,6-83 | 3.30.70.330
6grrA,6-113 | 2.60.40.10 * 125-273 | 2.60.40.10 * 300-718 | 2.70.98.10
3c9aC,10-48 | -
3r8jA,19-180 | 2.60.40.420
1dk8A,10-140 | 1.10.167.10
2zodB,1-119_302-321 | 3.30.1780.10 * 124-298 | 3.40.50.720
2lyvA,12-92 | 3.30.70.330 * 100-190 | 3.30.70.330
3ab3D,1-165 | 1.10.3210.10
2hdiB,10-103 | 2.40.50.140
1owxA,1-113 | 1.20.58
4z2zB,1-138 | 3.40.50.300
3hjlA,1-83 | 1.25.40 * 88-136 | - * 140-219 | 1.10.10 * 221-321 | 1.10.10.10
5l2qB,17-89 | 3.30.200.20 * 94-282 | 1.10.510.10
2p5tA,6-92 | 1.10.1200.10
4bwxA,1-391 | -
3vajB,10-174 | 2.40.160.20
1tuvA,3-99 | 3.30.70.100
2odeD,1-116 | -
6gpuA,18-106 | 3.30.420.10
6eqsA,19-269 | 3.40.50.1220
2z4sA,10-164 | 3.40.50.300 * 171-237 | 1.10.8.60
2zrrA,4-83 | 1.10.260.40
3s1sA,1-116 | 2.40.50.140 * 131-240 | 2.40.50.140 * 251-313_323-367 | 2.40.50.140 * 385-524 | 2.40.50.140 * 530-550_567-635 | 2.40.50.140 * 640-864 | -
3bxzA,1-257_405-438 | 3.40.50.300 * 269-400 | 3.40.50.300
3vcaA,2-19_138-396 | 3.90.79.10 * 25-134 | 2.170.15.10
4co3A,1-104 | 3.30.70.120
2k9lA,15-76 | 1.10.287
1nlfA,1-253 | 3.40.50.300
2ykfA,10-110 | 2.40.30.130 * 115-263 | 3.30.980.10
3cb7A,1-126 | 1.10.530.10
3c8cB,1-241 | 3.40.50.10470
1ro7C,4-239 | 3.90.550.10
3acxA,2-174 | 1.10.3210.10 * 177-284 | 1.10.10.10
4dhdA,4-328 | 1.10.600.10
2z1eA,17-291 | 3.30.230.10
2kdsA,8-92 | 2.30.30.100
2mcfA,3-133 | 2.60.40.790
1w4rA,5-174 | 3.40.50.300
4glkA,1-165 | -
5t17A,4-85 | 1.10.287.1080
1divA,3-63 | 3.40.5.10 * 68-149 | 3.10.430.100
2flgA,1-43 | -
5jemA,1-203 | -
1iyrA,10-83 | 1.20.58
2v94B,3-90 | 1.10.10.10
6ce1A,1-164 | - * 170-266 | - * 278-330 | - * 345-430 | 3.30.70 * 435-593 | -
5zfrC,3-91 | 3.30.450.90 * 96-276_330-384 | 3.40.50.300
5mtvA,12-240 | 3.40.50.300 * 245-379 | 1.10.8
4abyD,1-311 | 3.40.50.300
3f1pA,1-114 | 3.30.450.20
4hh3A,8-115 | 3.30.450.20 * 145-248 | 3.30.450.20
5d90B,1-123 | 1.10.1660.10
3hxlA,1-10_27-107_279-371 | 3.40.50.2300 * 110-277 | 3.40.50.2300
4ildA,1-110 | - * 114-235 | -
5ve2I,1-193_200-244 | 3.90.226.10
3auxA,4-93_250-348 | 3.40.50.300 * 105-238 | -
1whxA,10-88 | 3.30.70.100
3usyA,10-111 | 1.10.10.10 * 114-223 | 1.10.10.10
3djmD,1-105 | 2.40.50.140
5n7qA,10-188 | 2.40.70.10 * 193-337 | 2.40.70.10
4jzxA,1-359 | 1.10.600.10
3mgbA,15-139_169-286 | 3.40.50.300
5cm7A,6-120_289-303 | 3.30.1780.10 * 126-285 | 3.40.50.720
2w02B,1-173 | - * 177-218_269-434 | - * 440-576 | -
1z2nX,1-103 | 3.40.50.20 * 113-130_193-309 | 3.30.470.20 * 134-189 | 3.30.1490
2xp1A,1-175 | 3.40.630.30
1bxoA,19-323 | 2.40.160.10
3bk7A,6-70 | 3.30.70.20 * 75-172_268-319 | 3.40.50.300 * 177-264 | - * 333-593 | 3.40.50.300
2vf9A,1-131 | 2.60.40.10
1a7cA,6-175_279-329 | 3.30.497.10 * 177-276_340-364 | 2.30.39.10
2govA,1-184 | -
2r2zA,3-83 | 1.10.1200.10
3kalA,10-176 | 3.30.450.20 * 188-295 | 1.10.287.130 * 301-470 | 3.30.565.10
2otaA,4-67 | 3.30.300.20
5mpgA,12-87 | 3.30.70.330
6f4vA,10-175_278-341 | 3.30.497.10 * 186-275 | 2.30.39.10
3gp8A,1-165 | 1.10.1420.10 * 173-350 | 3.40.50.300 * 356-426 | 1.10.8.60 * 433-551 | 1.20.272.10
1w5rA,8-100 | 3.10.20.30 * 106-273 | 3.40.50.150
4mwaF,13-262 | 3.20.20.20
5j1sB,15-235 | -
2lkzA,10-95 | 3.30.300.90
5vm2A,3-143_284-345 | 3.90.180.10 * 155-280 | 3.40.50.720
3laeA,10-81 | 1.10.1200.10
1rfsA,1-127 | 3.40.140.10
4omhB,10-282 | 1.10.600.10
3e0zB,3-108 | -
2nsfA,10-190 | 1.20.1260.10
4rwxC,1-75 | 3.40.50.2300
3nkeA,5-65 | 1.10.150.20 * 73-179 | 1.10.150.20
4xk2B,4-209_260-295 | 3.20.20.100
1bi7B,1-125 | 1.10.10.10
3tytA,6-79 | 3.30.70.330
3wmgA,1-160_305-320 | 1.20.1560.10 * 333-588 | 3.40.50.300
2yciX,1-271 | 3.20.20.20
4qfvA,2-93 | 1.25.40.20 * 100-229 | 1.25.40.20
2wdtC,1-203 | 3.60.21.10
1kloA,15-60 | - * 62-100 | - * 102-162 | -
6hfcA,1-131 | 2.60.120.290 * 136-214 | 2.60.120.290 * 223-388 | 2.60.120.290
2qe9B,1-162 | 1.20.120.450
3ihsA,3-85 | 3.30.1340.10
3fwyA,4-266 | 3.40.50.300
2zxrA,2-104 | - * 110-268 | - * 286-409 | - * 416-616 | -
2inwA,17-113 | 3.10.129.10
3fd5A,1-339 | 3.20.20.210
3tr0A,5-33_100-201 | 3.40.50.300 * 40-97 | -
1ytlA,1-158 | 3.40.50.2000
2z0mA,4-170 | 3.40.50.300 * 176-269 | 1.10.8.60 * 275-329 | 1.10.10.10
4aybP,1-44 | -
5h9fJ,3-218 | 3.40.50.1820
1lq9A,10-105 | 3.30.70.100
1f32A,1-116 | -
3j7ye,1-17_189-434 | - * 20-176 | -
6b10B,1-329 | 3.20.20.140
2hgsA,54-120 | 3.30.1490.20 * 122-240 | 3.30.450.20 * 244-364 | 3.30.450.20 * 371-467 | 3.30.565.10
2pgcB,5-205 | 3.40.50.720
5bxoB,1-163 | 1.25.40.20
3f83A,26-108_116-121_130-295 | - * 300-405 | 2.60.40 * 410-508 | 2.60.40.10
3qvaA,1-109 | 2.60.40.180
5teoB,14-93 | 1.10.10.10
3rguC,3-85 | 1.20.58
1m2kA,4-118_166-249 | 3.40.50.1220 * 120-159 | -
4nh0A,34-251 | 3.40.50.300 * 261-309_623-734 | 3.40.50.300 * 324-538 | 3.40.50.300 * 543-613 | - * 743-860 | 1.10.8.60
2cs0A,18-95 | 3.30.70.100
1xjuA,1-156 | -
2v9yB,1-119_184-307 | 3.40.366.10 * 128-179 | -
3olmA,10-412 | -
2lr2A,1-73 | -
1jkeA,3-145 | 3.50.80.10
4nhoA,16-279 | 3.40.50.300 * 288-423 | 3.40.50.300
4q2lA,6-64 | -
2r7rA,1-111_124-177_185-360 | - * 445-638 | 3.40.50.300 * 643-740 | - * 746-849 | - * 856-1023 | -
5le5P,17-50_69-247 | 3.60.20.10
2w00A,1-159 | 3.40.50.10140 * 166-329_348-454 | 3.40.50.300 * 479-730 | 3.40.50.300 * 745-842 | -
4kxqA,12-125_174-279 | 3.40.50.1220 * 127-171 | 3.30.1600.10
1k9oI,1-119 | 2.30.180.10 * 123-237 | 2.30.180.10 * 241-374 | 2.30.180.10
4a82A,2-321 | 1.20.1560.10 * 340-577 | 3.40.50.300
1c1kA,10-139 | - * 143-217 | -
1njgA,16-170 | 3.40.50.300 * 176-239 | 1.10.8
2es0A,15-129 | -
1xbiA,1-118 | 3.30.1330.60
2rd9B,1-184 | 1.10.3210.10
2g8lA,1-111 | 1.10.150 * 114-285 | 3.30.450.40
2bjdA,2-89 | 3.30.70.100
2ygrF,5-90_318-405 | 3.40.50.300 * 130-259 | - * 412-599 | 3.40.50.300
2dyjA,2-78 | 3.30.300.30
2qr4A,1-124 | - * 128-229 | - * 231-390 | - * 400-521 | -
1pyvA,2-53 | -
3nmrA,1-76 | 3.30.70.330 * 94-175 | 3.30.70.330
3f6uL,10-98 | 2.10.25.10
5x2bJ,1-90 | 3.40.50 * 95-274 | 3.40.50.2000
5fl3A,1-90 | 3.30.450.90 * 95-354 | 3.40.50.300
1zynA,5-195 | 3.40.50.850
1vsgA,10-117 | 1.25.40.10 * 121-362 | 1.20.1270.60
1sr8A,2-141 | 3.30.160.20 * 150-282 | 3.30.230.10
2b68A,1-43 | -
5l6gA,1-94 | 3.30.43.10 * 101-217 | 3.30.465.10 * 221-458 | 3.40.462.20
6i20C,4-129 | 3.10.450.50
2ihbB,1-111 | -
3vaaA,4-176 | 3.40.50.300
2w86A,1-78 | - * 80-147 | -
3c3dA,1-129_285-306 | 3.40.50.10860 * 135-282 | 3.40.50.720
1wy0A,1-130_308-327 | 3.30.420.40 * 133-304 | 3.30.420.150
4db2D,1-138_168-237 | 3.30.870.10
5xnsC,3-69 | 3.10.20.30
5d0uA,23-219 | 3.40.50.300 * 224-300 | 3.30.2060.10 * 314-499 | 3.40.50.300 * 593-704 | 3.40.50.300
4wkzA,10-231 | 3.40.50.620
4ae5C,2-158 | 3.30.70.100
5j4lA,2-222 | 3.40.50.300
2a7kE,10-235 | 3.90.226.10
3uxjA,1-121 | 3.30.450.20 * 126-237 | 1.10.10.60
5le5U,12-232 | 3.60.20.10
2kyzA,3-67 | 3.30.70.100
1r79A,32-80 | 3.30.40.10
3wa2X,13-104 | 2.60.40.10 * 110-188 | 3.10.20.310 * 195-619 | 3.40.710.10
2ilrA,1-118 | 1.25.10.10 * 128-249 | 1.25.10.10
3b9pA,3-175 | 3.40.50.300 * 180-268 | 1.10.8.60
6cbuA,1-96 | 2.40.50.140
3l3sC,1-198 | 3.90.226.10
1am7A,3-146 | 1.10.150.20
3ldcA,2-82 | 1.10.287.70
4bzpA,6-173 | 3.40.50.300
3tugA,1-131_230-334 | 3.40.50.150 * 133-226 | -
5nbuA,1-175_274-320 | 3.30.497.10 * 177-272_323-367 | 2.30.39.10
3loyA,10-114 | 3.10.450.40 * 120-204 | 3.10.450.40 * 230-400 | 3.10.450.40 * 404-619 | 2.70.98.20
1s9rA,1-136 | 1.10.10.10 * 141-409 | 3.30.930.10
1s2mA,3-218 | 3.40.50.300 * 224-377 | 3.40.50.300
3ucsA,1-99 | 3.30.70.120
1ympA,1-131 | 1.25.40.20
3k13A,1-286 | 3.20.20.20
1vk1A,1-93 | 3.30.465.10 * 98-223 | 3.30.70.2190
3dxsX,3-74 | 3.30.70.100
1um8A,1-41 | - * 44-226 | 3.40.50.300 * 231-324 | 1.10.8.60
2hmhA,3-114 | 2.60.40.10
3qaoA,1-61 | 1.10.1660.10 * 75-140 | -
3le2A,1-177_270-329 | 3.30.497.10 * 179-267_365-393 | 2.30.39.10
1vq8S,10-81 | 1.20.58
1m1eB,4-60 | 1.10.10
3l6aA,1-169 | 1.25.10.10 * 171-249 | - * 251-350 | -
2hg7A,3-55 | 3.30.70.330
2xtmA,4-199 | 3.40.50.300
3a6sA,3-125 | 3.90.79.10
3vqtD,13-244 | 3.40.50.300 * 253-356 | 3.30.200.20 * 362-483 | 1.10.510.10
4npdA,1-54 | -
1fm2B,1-264_409-516 | 3.40.720.10 * 271-405 | -
1uf9A,5-191 | 3.40.50.300
1v4eA,3-280 | 1.10.600.10
5bykA,10-130_173-253 | 3.40.50.300
4fe9A,1-94 | 2.60.40.10 * 101-446 | 2.120.10.30
3uebF,1-99 | 3.30.300.30
1yg9A,10-100 | 2.40.30 * 110-248 | 2.40.30.10 * 253-329 | 2.40.30.10
3k3dA,4-127 | 3.30.450.20
1p7tB,1-14_42-148_156-180_279-519 | 3.20.20.360 * 182-277 | 2.170.170.11 * 523-704 | 1.20.1220.12
4aa9A,1-313 | 2.40.70.10
3nddA,1-120_268-320 | - * 123-264 | -
4dolA,35-115_123-207 | 3.40.50.410
4lgdA,10-87 | 3.30.200.20 * 91-160_173-283 | 1.10.510.10
2cxcA,1-138 | 3.30.565.10
3qi7A,1-84_179-358 | 3.20.20.60 * 88-169 | 2.40.30.10
4ag6C,1-252 | -
5tbxB,8-83 | 3.30.70.330
2chgA,1-154 | 3.40.50.300 * 159-223 | 1.10.8.60
1xknA,15-209_273-353 | 3.20.20.140
6nn3A,1-478 | -
3nojA,3-69 | 3.30.1330.30 * 76-235 | 3.40.1280.10
1ygsA,4-190 | 3.40.50.150
2r8rA,6-209 | 3.40.50.300
5k9tA,1-209_258-397 | 3.20.20.70 * 407-558 | 3.20.20.70
1ewqA,16-119 | 3.40.1170.10 * 124-264 | 3.30.420.110 * 270-460 | 1.10.1420.10 * 471-510 | 1.10.1420.10 * 530-759 | 3.40.50.300
3ea0A,5-240 | 3.40.50.300
2anvA,3-146 | -
4iyaA,1-283 | 2.40.160.40
1rifA,4-281 | 3.40.630.30
4a8jA,28-277 | 3.40.50.1170
4wfeA,1-253 | -
4if8A,1-214 | 1.10.3210.10 * 219-367 | 2.40.50.140
2cb4A,10-220 | -
5yyaA,2-38 | - * 53-158 | -
3akoA,10-152 | 2.60.200.40
2xocA,3-42 | - * 58-100 | - * 103-213 | -
3ge3C,15-83 | -
3pt1A,10-124_365-464 | 3.40.50.1910 * 127-363 | 3.90.830.10
3thtA,1-104 | 3.10.20.10 * 110-299 | 1.20.1050.10
1vk3A,1-121 | 3.30.499.10 * 124-318 | 3.30.499.10 * 321-483_502-570 | 3.20.19.10
4lixA,1-109_180-209 | - * 116-178 | - * 211-278 | - * 280-400_411-430 | - * 432-677 | 1.10.1370.40
3i5xA,1-246 | 3.40.50.300 * 254-419 | 3.40.50.300 * 439-509 | 1.10.10.10
4ijjB,15-93 | 1.20.120.910 * 95-130 | -
1l3kA,10-93 | 3.30.70.330 * 100-163 | 3.30.70.330
1jxcA,2-68 | 4.10.410.10
3gf3A,10-234_289-538 | 3.90.245.10
4eijA,5-63 | 1.10.287
1h4uA,1-14_33-240 | 2.60.120.10
3cnlA,1-229 | 3.40.50.300
2pefA,2-102_230-288 | 3.30.497.10 * 106-228_300-366 | 2.30.39.10 * 290-298_306-329 | 2.30.39.10
3h9wA,1-109 | 3.10.450.50
3uitA,40-256 | 3.30.450.40
3gdiA,1-114 | - * 125-239 | -
4zhbA,2-99 | -
3hsuA,1-93 | 3.30.43.10 * 99-202 | 3.30.465.10 * 206-421 | 3.40.462.20
4r9iA,10-378 | 2.40.160.10
2obdA,1-105_140-188 | - * 190-386 | - * 400-472 | -
2vf8B,8-95_377-484 | 3.40.50.300 * 101-138_300-370 | 1.20.1580.10 * 146-248 | 3.30.190.20 * 253-300 | 1.10.8.280 * 500-546_565-650_750-835 | 1.10.8.280 * 563-650 | 1.20.1580.10
2cfaA,18-179 | 1.20.120.450
2cj4A,1-147 | 1.20.140.40
3fbqA,3-283 | -
4kjmA,2-122 | 1.20.58
4hstB,25-200_212-248_445-535 | 3.40.710.10 * 251-439 | -
2yxzA,3-109 | 3.40.630.30 * 114-299 | 3.40.630.30
5lbaD,10-209 | 3.40.50.300 * 214-437 | 3.40.50.300
1x7aL,1-68 | 2.10.25.10
2fo1E,25-297 | 1.25.40.20
4q4hA,1-155_273-315 | 1.20.1560.10 * 335-572 | 3.40.50.300
2m1cA,1-113 | 3.30.460.10
4ja8B,1-115_300-406 | 3.40.718.10 * 122-130_185-297 | 3.40.718.10 * 134-179 | -
3bw6A,5-134 | 3.30.70.1060
5le5A,15-120_409-446 | 3.30.420.40 * 124-405 | 3.30.420.40
5wkrA,1-215 | 3.40.630.40
3h1tA,10-124 | - * 130-320 | 3.40.50.300 * 326-483 | 3.40.50.300
6g2jK,1-169 | -
1t6aA,15-124 | 2.40.10.220
1nbuA,1-118 | 3.30.1130.10
2ljmA,22-74 | 2.10.110.10
2rsqA,3-69 | 3.30.70.100
3vvjA,1-181_284-339 | 3.30.497.10 * 183-282_351-380 | 2.30.39.10
4hd1A,10-259 | 1.10.620.20
3e0jC,43-153 | 3.30.43.10 * 164-248 | 3.30.465.10 * 250-399 | 3.40.462.10
3or1C,1-96 | 3.40.33.10
4dokA,1-208 | 3.40.50.1240
4qhsA,7-170 | 3.40.50.300 * 175-244 | 1.10.8.60
3fxdC,5-49 | -
1sgwA,3-200 | 3.40.50.300
5l3rA,1-267 | 3.40.50.300
2fphX,1-165 | 3.20.10.10
3psmA,1-47 | 4.10.410.10
5ucvA,1-187 | 3.40.50.300
3dnfA,3-115_266-281 | 3.40.50.1400 * 118-263 | 3.40.50.1400
3nuhB,16-29_40-173 | 3.40.50.620 * 180-352 | 1.10.240.10
3iavA,3-250 | 3.90.226.10 * 288-426_470-509 | 3.90.226.10 * 430-468 | -
4n06A,10-96 | 3.30.420.140 * 103-170 | 1.10.150.20 * 180-343 | 3.30.420.150
1f6bB,1-179 | 3.40.50.300
1udxA,6-155_345-409 | 2.70.210.12 * 160-325 | 3.40.50.300
1s79A,1-86 | 3.30.70.330
1s96A,5-32_99-205 | 3.40.50.300
2qycA,1-96 | 3.30.70.100
2zu6F,1-174 | 3.40.50.10380 * 179-271 | 1.10.150.20
3a1sB,5-255 | 3.40.50.300
1bpoA,10-159 | 2.130.10.10 * 164-375 | 2.130.10.10 * 415-483 | -
2zm5A,5-112_183-306 | 3.40.50.300 * 120-180 | 1.10.20.140
5c7hA,9-270 | 3.20.20.100
2ks1B,14-44 | 1.20.5
2mzjA,3-79 | 3.40.50.20
1fjrA,1-188 | 3.20.20.70
3vtiA,1-63 | 3.10.20.30 * 68-118_188-348 | 3.40.50.12240 * 350-742 | 3.20.20.60
4aqnA,1-154_180-340 | 2.40.160.20
1bf9A,2-41 | -
2iyjA,2-69 | 2.40.50.140
4qu6A,1-98 | 3.30.70.100
2wxyC,38-179 | - * 184-415 | -
5kh0A,4-45_205-267 | 3.30.2350.10 * 49-149 | 3.30.2350.10 * 271-363 | 3.30.2350.10
2fsiB,1-219_233-325 | 3.40.50.300 * 330-526 | 3.40.50.300 * 533-743 | 1.10.3060.10
3md3A,2-165 | 3.40.50.620
4c9bA,24-220 | 3.40.50.300 * 227-389 | 3.40.50.300
3cbqA,4-169 | 3.40.50.300
6qg7A,10-97 | 3.30.200.20 * 101-282 | 1.10.510.10
3c0dA,1-109 | 2.40.50.1020
2flbL,1-96 | 4.10.410.10
2kgyA,10-84 | -
3r27A,8-84 | 3.30.70.330
1mtpA,1-101 | - * 110-179 | - * 188-320 | -
3kroD,2-294 | 1.10.600.10
4aytA,13-160_308-338 | 1.20.1560.10 * 355-560 | 3.40.50.300
1qf9A,8-192 | 3.40.50.300
3ggmA,2-75 | 2.30.30.100
1g8pA,15-200 | 3.40.50.300 * 205-321 | 1.10.8.80
3v9oA,1-121 | 3.30.1130.10
3hdtA,1-168 | 3.40.50.300
2q7dA,1-104 | 3.40.50.20 * 110-129_190-337 | 3.30.470.20 * 132-187 | 3.30.1490.20
3adyA,1-102 | 3.30.300.30
2y3sB,1-100 | 3.30.43.10 * 107-202 | 3.30.465.10 * 207-478 | 3.40.462.20
2hw2A,1-139 | 3.40.50.1220
1wurA,1-41 | - * 44-185 | 3.30.1130.10
1apjA,2-61 | -
4dy0B,1-266 | 3.40.50.720 * 271-367 | 3.40.50.720
2go9A,3-157 | 3.30.870.10
5jviE,1-316 | 2.40.160.10
4zpxA,1-240 | 3.40.50.300 * 245-325 | 1.10.8.60
1s5pA,4-224 | 3.40.50.720
3ipiA,3-268 | 1.10.600.10
6as6A,1-124 | 3.30.70.260 * 128-308 | 3.30.70.260 * 314-612 | 3.20.20.370
5ck4A,6-214 | 3.40.50.300
2xb4A,3-115_168-223 | 3.40.50.300
4bn4A,1-272 | 3.40.50.1220
3di5A,3-149 | 2.60.40.420
4c41A,1-171_279-320 | 3.30.497.10 * 173-276_324-365 | 2.30.39.10
1m6nA,13-246_355-391 | 3.40.50.300 * 250-348 | 3.90.1440.10 * 405-570 | 3.40.50.300 * 575-790 | 1.10.3060.10
2xvtC,3-78 | -
4qu7A,3-77 | 3.30.70.330
3iylB,13-176 | - * 189-316 | - * 321-406_422-510 | - * 520-599 | -
2xnrA,1-73 | 3.30.70.330
3ng9A,1-234_360-520 | -
2xzmU,3-124 | 3.30.1330.30
4h3tA,14-155_174-214_223-300 | - * 304-516 | 1.25.40.10
2js3A,25-90 | -
4d25A,12-249 | 3.40.50.300 * 256-422 | 3.40.50.300
1zcbA,5-318 | -
1cipA,4-30_161-316 | 3.40.50.300 * 33-156 | 1.10.400.10
3czpB,13-298 | 3.40.50.300 * 305-458 | -
2u2fA,1-85 | 3.40.50.300
1xw3A,1-104 | 3.90.1150.10
5oesA,10-30_40-146 | - * 150-249 | - * 251-340 | - * 365-445 | 1.10.10.10
2p0tA,1-69 | 1.10.60.30 * 73-148 | 1.10.60.30
2g2sB,1-164 | -
3m84A,1-348 | 3.90.650.10
1ltmA,19-309 | 1.10.530.10
3rfqC,1-157 | 3.40.47.10
4w4mH,1-58 | -
2qmhB,1-177 | 3.40.50.300
4dn9B,1-88 | 3.30.70.100
2j76E,1-77 | 3.30.70.1060
4b0zA,10-227 | 1.10.510.10
1dpjA,1-329 | 2.40.70.10
2ifxA,1-96 | 3.30.70.100
1w0dA,4-105_267-337 | 3.40.718.10 * 112-264 | 3.40.718.10
4dzzA,3-205 | 3.40.50.300
2o8bB,10-141_370-455 | 1.10.1420.10 * 147-236_308-359 | 3.30.420.10 * 243-300 | 1.10.1420.10 * 470-605 | 1.10.1420.10 * 610-693 | 1.10.1420.10 * 701-929 | 3.40.50.300
1nnxA,11-93 | 2.40.50.140
2yvsA,10-219 | 3.40.50.150
4qosA,1-159 | 3.40.50.300 * 164-237 | 1.10.8.60
4zkaA,22-79 | 3.30.70.330
1vq8I,25-69 | -
5nt7A,1-91 | 3.30.70.120
3wvoC,10-316 | 3.30.1760.10 * 324-444 | 3.30.1460.10 * 453-536 | -
3hdeC,40-164 | 1.10.530.40
5eqtA,1-166 | 3.40.50.300 * 171-249 | 1.10.8.60
2gffA,1-95 | 3.30.70.120
6hgmA,1-165_271-330 | 3.30.497.10 * 168-268 | 2.30.39.10
4du6E,60-214 | 3.30.70.270
3co5A,2-130 | 3.40.50.80
3dupA,1-81 | 1.10.10.10 * 90-284 | 3.40.50.150
6qtnF,1-100 | 3.30.70.100 * 110-331 | 3.20.20.140
2cpxA,25-103 | 3.30.70.330
1g3kA,2-169 | 3.60.20.10
2n8aA,11-90 | - * 111-199 | -
2nmlA,1-99 | 3.40.30.10
1jmoA,36-122_264-420 | 3.30.450.20 * 126-228 | 1.10.287
4aazA,1-46 | -
2x8aA,1-157 | 3.40.50.300 * 163-237 | 1.10.8.60
1zylA,1-325 | 3.30.930.10
3ci0J,1-152 | 2.40.160.20
2f4iA,4-162 | -
1sw6A,3-254 | 1.10.620.20
3h2yA,1-130_200-309 | 3.40.50.1820
3wh1A,1-203 | 2.40.160.20
2mjnA,1-83 | 3.30.70.330 * 115-186 | 3.30.70.330
1npiA,2-61 | -
4guzA,12-138_198-284 | 3.20.20.370
2pifA,1-252 | 3.60.110.10
3fgqA,1-174_274-320 | 3.30.497.10 * 177-272_324-374 | 2.30.39.10
4bopB,1-149 | 3.40.50.10420
6n4lA,5-279 | 3.40.50.300
1u7lA,1-101_288-364 | 3.30.497.10 * 106-196_268-286 | 2.30.39.10 * 199-266 | 1.10.287
4gieA,26-276 | 3.20.20.100
2b06A,6-149 | 3.90.79.10
4o0mB,1-231 | 3.40.50.300 * 240-480 | 3.40.50.300
1d06A,10-130 | 3.30.565.10
3d7aA,17-128 | 3.30.110.150
2mkhA,18-174 | -
5mplA,8-93 | 3.30.70.330
2dgwA,10-84 | 3.30.70.330
4bszB,10-146 | 1.25.40.20
4jxyA,1-311 | 1.10.600.10
4cq1A,3-188 | 3.30.450.20
2op5B,1-107 | 3.30.1360.20
3ooxA,10-305 | 2.60.120.330
1dgwY,1-89 | -
5ja4D,10-149 | 1.10.10.10
2cz4A,7-95 | 3.30.70.120
2vf7A,6-90_374-444_451-479 | 3.40.50.300 * 100-133_300-365_902-815 | - * 145-258 | 3.30.190.20 * 500-696 | 1.10.8.280
3li9A,1-141 | 3.30.450.20 * 146-262 | 3.30.450.20
1ko7A,6-80 | 1.10.10.10 * 120-285 | 3.40.50.1360
4edhB,6-209 | 3.40.50.300
4egcB,1-61_158-255 | 3.40.50.1000 * 64-154 | -
4uucA,1-218 | 3.40.50.720
4fcaA,1-139 | 2.60.40.1730 * 148-359 | 1.10.390.10 * 373-482 | 2.60.40.1930
3w0oA,3-93 | 3.30.200.20 * 100-293 | 3.90.1200.10
4idoA,6-240 | 3.40.50.410 * 252-310 | 1.10.10 * 316-405 | 1.10.10
4oi4A,10-90 | 3.40.50.300 * 95-294 | 3.40.50.300 * 300-428 | 3.40.50.300
